Product,Product URL,Product Price,Product Rating,No of review
American Tourister 32 Ltrs Black Casual Backpack (AMT FIZZ SCH BAG 02 - BLACK)  ,https://amazon.in/American-Tourister-AMT-SCH-02/dp/B07CJCGM1M/ref=sr_1_1?keywords=bags&qid=1669055370&qu=eyJxc2MiOiI4LjA0IiwicXNhIjoiOC4wNiIsInFzcCI6IjYuNzgifQ%3D%3D&sr=8-1,"₹1,099",4.1 out of 5 stars,"48,899"
Skybags Brat Black 46 Cms Casual Backpack  ,https://amazon.in/Skybags-Brat-Black-Casual-Backpack/dp/B08Z1HHHTD/ref=sr_1_omk_2?keywords=bags&qid=1669055370&qu=eyJxc2MiOiI4LjA0IiwicXNhIjoiOC4wNiIsInFzcCI6IjYuNzgifQ%3D%3D&sr=8-2,₹669,4.1 out of 5 stars,"2,584"
Half Moon 35 L Casual Waterproof Laptop Bag/Backpack for Men Women Boys Girls/Office School College Teens & Students with Rain Cover (18 Inch) (Navy)  ,https://amazon.in/Half-Moon-Waterproof-Backpack-Students/dp/B085MHDJ93/ref=sr_1_3?keywords=bags&qid=1669055370&qu=eyJxc2MiOiI4LjA0IiwicXNhIjoiOC4wNiIsInFzcCI6IjYuNzgifQ%3D%3D&sr=8-3,₹799,3.9 out of 5 stars,"13,935"
"Safari Flash Casual Backpack, 26 ltr Water Resistant Travel Bags, Blue Light Weight Polyester Bagpack for Men and Women, Spacious Shoulder Bag for College, Office, Travelling and Camping  ",https://amazon.in/Safari-Backpack-Resistant-Polyester-Travelling/dp/B09B26VHXV/ref=sr_1_4?keywords=bags&qid=1669055370&qu=eyJxc2MiOiI4LjA0IiwicXNhIjoiOC4wNiIsInFzcCI6IjYuNzgifQ%3D%3D&sr=8-4,₹699,4.0 out of 5 stars,"1,025"
Martucci 15.6 inch 30 L Casual Waterproof Laptop Backpack/Office Bag/School Bag/College Bag/Business Bag/Unisex Travel Backpack(Black)  ,https://amazon.in/Martucci-Casual-Travelling-Laptop-Backpack/dp/B088B4P6ZW/ref=sr_1_5?keywords=bags&qid=1669055370&qu=eyJxc2MiOiI4LjA0IiwicXNhIjoiOC4wNiIsInFzcCI6IjYuNzgifQ%3D%3D&sr=8-5,₹568,4.0 out of 5 stars,"6,185"
"Wesley Unisex Milestone Casual Waterproof Laptop Office School College Business Travel Backpack 25 L (Dimensions: 12.5x18 inches) (Compatible with 15.6 inch laptops), Navy Blue  ",https://amazon.in/Wesley-Milestone-Waterproof-Backpack-Business/dp/B07K8KLB3P/ref=sr_1_6?keywords=bags&qid=1669055370&qu=eyJxc2MiOiI4LjA0IiwicXNhIjoiOC4wNiIsInFzcCI6IjYuNzgifQ%3D%3D&sr=8-6,₹498,4.3 out of 5 stars,"11,634"
Wesley Milestone 2.0 Casual Waterproof Laptop Backpack/Office Bag/School Bag/College Bag/Business Bag/Travel Backpack (Dimensions:13x18 inches) (Compatible with 15.6 inch Laptop) (Blue & Black)  ,https://amazon.in/Wesley-Milestone-Waterproof-Backpack-Business/dp/B084JGJ8PF/ref=sr_1_7?keywords=bags&qid=1669055370&qu=eyJxc2MiOiI4LjA0IiwicXNhIjoiOC4wNiIsInFzcCI6IjYuNzgifQ%3D%3D&sr=8-7,₹565,4.3 out of 5 stars,"8,294"
DEIN KLEIDER Men's Nylon Messenger Bag  ,https://amazon.in/Kleider-Travel-Business-Messenger-Shoulder/dp/B084ZHP97M/ref=sr_1_8?keywords=bags&qid=1669055370&qu=eyJxc2MiOiI4LjA0IiwicXNhIjoiOC4wNiIsInFzcCI6IjYuNzgifQ%3D%3D&sr=8-8,₹305,4.0 out of 5 stars,"3,969"
TRUE HUMAN Emperor Legend Anti-Theft backpack With USB charging Port and anti -theft back pocket - Black  ,https://amazon.in/TRUE-HUMAN-Anti-Theft-backpack-charging/dp/B09QJ7ZF2Y/ref=sr_1_9?keywords=bags&qid=1669055370&qu=eyJxc2MiOiI4LjA0IiwicXNhIjoiOC4wNiIsInFzcCI6IjYuNzgifQ%3D%3D&sr=8-9,₹715,3.8 out of 5 stars,"1,301"
"Wesley Milestone 2.0 Casual Waterproof Laptop Backpack/Office Bag/School Bag/College Bag/Business Bag/Travel Backpack (Dimensions:13x18 inches) (Compatible with 15.6"" Laptop) (Charcoal Black)  ",https://amazon.in/Wesley-Milestone-Waterproof-Backpack-Business/dp/B085S444JV/ref=sr_1_10?keywords=bags&qid=1669055370&qu=eyJxc2MiOiI4LjA0IiwicXNhIjoiOC4wNiIsInFzcCI6IjYuNzgifQ%3D%3D&sr=8-10,₹565,4.3 out of 5 stars,"8,294"
Lunar's Bingo - 48 L Laptop Office/School/Travel/Business Backpack Water Resistant - Fits Up to 15.6 Inch Laptop Notebook with 1 Year Warranty  ,https://amazon.in/Lunars-Bingo-Laptop-Resistant-48L/dp/B08YZ8FFBZ/ref=sr_1_11?keywords=bags&qid=1669055370&qu=eyJxc2MiOiI4LjA0IiwicXNhIjoiOC4wNiIsInFzcCI6IjYuNzgifQ%3D%3D&sr=8-11,₹954,3.9 out of 5 stars,"8,271"
F Gear Luxur Brown 25 liter Laptop Backpack (2404)  ,https://amazon.in/F-Gear-Luxur-Brown-Backpack/dp/B01F7AX9ZA/ref=sr_1_12?keywords=bags&qid=1669055370&qu=eyJxc2MiOiI4LjA0IiwicXNhIjoiOC4wNiIsInFzcCI6IjYuNzgifQ%3D%3D&sr=8-12,"₹1,161",4.4 out of 5 stars,"15,873"
"Bennett Mystic 15.6 inch(39.6cm) Laptop Shoulder Messenger Sling Office Bag, Water Repellent Fabric for Men and Women (Blue)  ",https://amazon.in/Bennett-Mystic-Shoulder-Messenger-Repellent/dp/B08X2T2M8G/ref=sr_1_13?keywords=bags&qid=1669055370&qu=eyJxc2MiOiI4LjA0IiwicXNhIjoiOC4wNiIsInFzcCI6IjYuNzgifQ%3D%3D&sr=8-13,₹512,4.0 out of 5 stars,"4,049"
ADISA Laptop Backpack 31 Ltrs  ,https://amazon.in/ADISA-BP004-Weight-Casual-Backpack/dp/B07G3CG9FC/ref=sr_1_14?keywords=bags&qid=1669055370&qu=eyJxc2MiOiI4LjA0IiwicXNhIjoiOC4wNiIsInFzcCI6IjYuNzgifQ%3D%3D&sr=8-14,₹599,4.0 out of 5 stars,"8,673"
Wesley Spartan Unisex Travel Hiking Laptop Bag fits Upto 17.3 inch with Raincover and Internal Organiser Backpack Rucksack College Bag  ,https://amazon.in/Wesley-Spartan-Hiking-Raincover-Organiser/dp/B098QFF5TJ/ref=sr_1_15?keywords=bags&qid=1669055370&qu=eyJxc2MiOiI4LjA0IiwicXNhIjoiOC4wNiIsInFzcCI6IjYuNzgifQ%3D%3D&sr=8-15,₹948,4.1 out of 5 stars,791
Fur Jaden Anti Theft Backpack 15.6 Inch Laptop Bag with USB Charging Port and Water Resistant Fabric  ,https://amazon.in/Fur-Jaden-Black-Waterproof-Backpack/dp/B078GLXMDY/ref=sr_1_16?keywords=bags&qid=1669055370&qu=eyJxc2MiOiI4LjA0IiwicXNhIjoiOC4wNiIsInFzcCI6IjYuNzgifQ%3D%3D&sr=8-16,₹899,4.0 out of 5 stars,"10,025"
Wesley Spartan Unisex Travel Hiking Laptop Bag fits Upto 17.3 inch with Raincover and Internal Organiser Backpack Rucksack College Bag  ,https://amazon.in/Wesley-Spartan-Hiking-Raincover-Organiser/dp/B098QFF5TJ/ref=sr_1_17?keywords=bags&qid=1669055380&qu=eyJxc2MiOiI4LjA0IiwicXNhIjoiOC4wNiIsInFzcCI6IjYuNzgifQ%3D%3D&sr=8-17,₹948,4.1 out of 5 stars,791
"Wesley Unisex Milestone Casual Waterproof Laptop Office School College Business Travel Backpack 25 L (Dimensions: 12.5x18 inches) (Compatible with 15.6 inch laptops), Navy Blue  ",https://amazon.in/Wesley-Milestone-Waterproof-Backpack-Business/dp/B07K8KLB3P/ref=sr_1_18?keywords=bags&qid=1669055380&qu=eyJxc2MiOiI4LjA0IiwicXNhIjoiOC4wNiIsInFzcCI6IjYuNzgifQ%3D%3D&sr=8-18,₹498,4.3 out of 5 stars,"11,634"
Fur Jaden Brown Textured Leatherette Stylish & Spacious Weekender Duffle Bag for Travel  ,https://amazon.in/FUR-JADEN-Leatherette-Polypropylene-DUFF05/dp/B07M9BRCQ5/ref=sr_1_19?keywords=bags&qid=1669055380&qu=eyJxc2MiOiI4LjA0IiwicXNhIjoiOC4wNiIsInFzcCI6IjYuNzgifQ%3D%3D&sr=8-19,₹899,4.3 out of 5 stars,"4,670"
ZIPLINE Unisex Casual Polyester 36 L Backpack School Bag Women Men Boys Girls Children Daypack College Bag Book School Sports Bag Weekend Bag  ,https://amazon.in/ZIPLINE-Polyester-Backpack-Children-Daypack/dp/B07XVMR33Q/ref=sr_1_20?keywords=bags&qid=1669055380&qu=eyJxc2MiOiI4LjA0IiwicXNhIjoiOC4wNiIsInFzcCI6IjYuNzgifQ%3D%3D&sr=8-20,₹734,4.0 out of 5 stars,"4,356"
TRUE HUMAN Anti-Theft and USB Charging Port Backpack with Combination Lock Laptop Bag (Grey)  ,https://amazon.in/TRUE-HUMAN-Anti-Theft-charging-combination/dp/B09H7PK5ML/ref=sr_1_21?keywords=bags&qid=1669055380&qu=eyJxc2MiOiI4LjA0IiwicXNhIjoiOC4wNiIsInFzcCI6IjYuNzgifQ%3D%3D&sr=8-21,₹699,3.8 out of 5 stars,"1,424"
Half Moon Large 37L Laptop Bag Backpack for menं Women Boys and Girls Luggage Travel Bags with 17.3 inches Laptop Compartment & Rain Cover  ,https://amazon.in/Half-Moon-Backpack-Compartment-Reflective/dp/B0BJ32LQ6X/ref=sr_1_22?keywords=bags&qid=1669055380&qu=eyJxc2MiOiI4LjA0IiwicXNhIjoiOC4wNiIsInFzcCI6IjYuNzgifQ%3D%3D&sr=8-22,₹849,3.8 out of 5 stars,"1,577"
"Fur Jaden 55 LTR Rucksack Travel Backpack Bag for Trekking, Hiking with Shoe Compartment  ",https://amazon.in/Rucksack-Travel-Backpack-Trekking-Compartment/dp/B07YDGQQN5/ref=sr_1_23?keywords=bags&qid=1669055380&qu=eyJxc2MiOiI4LjA0IiwicXNhIjoiOC4wNiIsInFzcCI6IjYuNzgifQ%3D%3D&sr=8-23,₹899,4.2 out of 5 stars,"6,951"
AirCase 13 Inch/ 14 Inch/15.6 Inch Premium Vegan Leather Laptop Backpack for Men & Women  ,https://amazon.in/AirCase-C34-Laptop-Backpack-Women/dp/B07QN4KXWG/ref=sr_1_24?keywords=bags&qid=1669055380&qu=eyJxc2MiOiI4LjA0IiwicXNhIjoiOC4wNiIsInFzcCI6IjYuNzgifQ%3D%3D&sr=8-24,₹999,4.0 out of 5 stars,"1,518"
Artistix Talon Anti-Theft Design Laptop Backpack Bag in Water Resistance With USB Charging Port (46 Cm) (Black)  ,https://amazon.in/Artistix-Backpack-Anti-Theft-Charging-Resistance/dp/B082PKX18C/ref=sr_1_25?keywords=bags&qid=1669055380&qu=eyJxc2MiOiI4LjA0IiwicXNhIjoiOC4wNiIsInFzcCI6IjYuNzgifQ%3D%3D&sr=8-25,₹999,4.3 out of 5 stars,"2,343"
Wildcraft Work Packs'18 21 Ltrs Black Laptop Backpack (Streak Plus)  ,https://amazon.in/Wildcraft-Packs18-Laptop-Backpack-Streak/dp/B07FC4D9B5/ref=sr_1_26?keywords=bags&qid=1669055380&qu=eyJxc2MiOiI4LjA0IiwicXNhIjoiOC4wNiIsInFzcCI6IjYuNzgifQ%3D%3D&sr=8-26,"₹1,542",4.4 out of 5 stars,"1,823"
Bagneeds Men's Black Synthetic Leather Briefcase Best Laptop Messenger Bag Satchel for Men  ,https://amazon.in/Bagneeds-Synthetic-Leather-Briefcase-Messenger/dp/B0855F8174/ref=sr_1_27?keywords=bags&qid=1669055380&qu=eyJxc2MiOiI4LjA0IiwicXNhIjoiOC4wNiIsInFzcCI6IjYuNzgifQ%3D%3D&sr=8-27,₹664,4.1 out of 5 stars,"3,184"
Gear Vintage2 28L Faux Leather Water Resistant Anti Theft Laptop Bag/Backpack for Men/Women-Brown  ,https://amazon.in/Gear-Vintage2-Leather-Backpack-LBPVG2LTH0201/dp/B07G4D13L7/ref=sr_1_28?keywords=bags&qid=1669055380&qu=eyJxc2MiOiI4LjA0IiwicXNhIjoiOC4wNiIsInFzcCI6IjYuNzgifQ%3D%3D&sr=8-28,"₹1,075",4.4 out of 5 stars,"3,347"
"INOVERA Faux Leather Women Handbags Shoulder Hobo Bag Purse With Long Strap, 32L x 13B x 30H cm  ",https://amazon.in/Inovera-Label-Women-Handbags-Shoulder/dp/B08CMQD4BC/ref=sr_1_29?keywords=bags&qid=1669055380&qu=eyJxc2MiOiI4LjA0IiwicXNhIjoiOC4wNiIsInFzcCI6IjYuNzgifQ%3D%3D&sr=8-29,"₹1,299",4.1 out of 5 stars,"6,182"
"Wildcraft 45 Ltrs Grey and Orange Rucksack (8903338073864), Large  ",https://amazon.in/Wildcraft-Ltrs-orange-Rucksack-8903338073864/dp/B01G5I8YLC/ref=sr_1_30?keywords=bags&qid=1669055380&qu=eyJxc2MiOiI4LjA0IiwicXNhIjoiOC4wNiIsInFzcCI6IjYuNzgifQ%3D%3D&sr=8-30,"₹1,607",4.3 out of 5 stars,"8,416"
Half Moon Curiosity 35L Travel Laptop College School Backpack Water Resistant Slim Durable Fits 15.6 Inch Laptop Notebook with Rain cover (Navy Blue)  ,https://amazon.in/Half-Moon-Curiosity-Backpack-Resistant/dp/B09S3ZK3N1/ref=sr_1_31?keywords=bags&qid=1669055380&qu=eyJxc2MiOiI4LjA0IiwicXNhIjoiOC4wNiIsInFzcCI6IjYuNzgifQ%3D%3D&sr=8-31,₹849,3.7 out of 5 stars,128
"Lenovo 15.6"" Professional Backpack, Made in India, Water-resistant,Uncompromised storage, Travel friendly:Fleece-lined PC compartment,Vented,Padded BackPanel & Adjustable shoulder straps,Luggage strap  ",https://amazon.in/Lenovo-Professional-Backpack-Water-resistant-Uncompromised/dp/B08R7S55H4/ref=sr_1_32?keywords=bags&qid=1669055380&qu=eyJxc2MiOiI4LjA0IiwicXNhIjoiOC4wNiIsInFzcCI6IjYuNzgifQ%3D%3D&sr=8-32,"₹1,249",4.2 out of 5 stars,655
"diksharth Travel Toiletry Bag Cosmetic Bag with Hook for Travel, Makeup Organizer, Cosmetic Pouch, Household Grooming Kit, Makeup Bag ( Multicolor )  ",https://amazon.in/diksharth-Toiletry-Organizer-Household-Multicolor/dp/B0BJQLVF2B/ref=sr_1_113?keywords=bags&qid=1669055431&qu=eyJxc2MiOiI4LjA0IiwicXNhIjoiOC4wNiIsInFzcCI6IjYuNzgifQ%3D%3D&sr=8-113,₹299,1.0 out of 5 stars,2
HP Odyssey Backpack for 15.6-inch Laptop (Grey/Green)  ,https://amazon.in/HP-Odyssey-Backpack-15-6-inch-Laptop/dp/B012K57MYE/ref=sr_1_114?keywords=bags&qid=1669055431&qu=eyJxc2MiOiI4LjA0IiwicXNhIjoiOC4wNiIsInFzcCI6IjYuNzgifQ%3D%3D&sr=8-114,"₹2,459",4.5 out of 5 stars,"5,093"
"Arctic Hunter Sling bag for men,Chest Bag for Men,Shoulder Bag for Men with Handle Crossbody Bag IPX6 Water-resistant Anti-theft Side Bag for Travel,Business,Black  ",https://amazon.in/Shoulder-Crossbody-Water-resistant-Anti-theft-Business/dp/B0B6G2SQW9/ref=sr_1_115?keywords=bags&qid=1669055431&qu=eyJxc2MiOiI4LjA0IiwicXNhIjoiOC4wNiIsInFzcCI6IjYuNzgifQ%3D%3D&sr=8-115,"₹1,899",4.4 out of 5 stars,17
ADISA Light Weight Laptop Backpack 32 Ltrs  ,https://amazon.in/ADISA-BP005-Weight-Casual-Backpack/dp/B07F3X45WZ/ref=sr_1_116?keywords=bags&qid=1669055431&qu=eyJxc2MiOiI4LjA0IiwicXNhIjoiOC4wNiIsInFzcCI6IjYuNzgifQ%3D%3D&sr=8-116,₹599,4.0 out of 5 stars,"5,420"
Lavie Women's Betula Tote Bag | Ladies Purse Handbag  ,https://amazon.in/Lavie-Betula-Womens-Tote-Mint/dp/B08J8M2B42/ref=sr_1_117?keywords=bags&qid=1669055431&qu=eyJxc2MiOiI4LjA0IiwicXNhIjoiOC4wNiIsInFzcCI6IjYuNzgifQ%3D%3D&sr=8-117,"₹1,299",4.1 out of 5 stars,"17,298"
Wildcraft 31 Ltrs Green Casual Backpack (11954 Green)  ,https://amazon.in/Wildcraft-Music-Backpack-Green-11954/dp/B07N2SBX54/ref=sr_1_118?keywords=bags&qid=1669055431&qu=eyJxc2MiOiI4LjA0IiwicXNhIjoiOC4wNiIsInFzcCI6IjYuNzgifQ%3D%3D&sr=8-118,"₹1,155",4.5 out of 5 stars,304
"Polestar Space 34 Liters Casual/ Office/ Travel/ School Backpack Bag, made of Polyester, 1 year warranty  ",https://amazon.in/POLESTAR-Navyorg-Casual-bagpack-Backpack/dp/B0844R2GMK/ref=sr_1_119?keywords=bags&qid=1669055431&qu=eyJxc2MiOiI4LjA0IiwicXNhIjoiOC4wNiIsInFzcCI6IjYuNzgifQ%3D%3D&sr=8-119,₹669,4.0 out of 5 stars,"5,739"
Wildcraft 44 Ltrs Casual Backpack (11629-Wolf_Blue)  ,https://amazon.in/Wildcraft-Wolf_Blu-Casual-Backpack-11629-Wolf_Blu/dp/B079DFHYHP/ref=sr_1_120?keywords=bags&qid=1669055431&qu=eyJxc2MiOiI4LjA0IiwicXNhIjoiOC4wNiIsInFzcCI6IjYuNzgifQ%3D%3D&sr=8-120,"₹1,597",4.5 out of 5 stars,527
NETTIE Yoga mat Bag  ,https://amazon.in/NETTIE-Cotton-Carry-Strap-Drawstring/dp/B08LBT1R9J/ref=sr_1_121?keywords=bags&qid=1669055431&qu=eyJxc2MiOiI4LjA0IiwicXNhIjoiOC4wNiIsInFzcCI6IjYuNzgifQ%3D%3D&sr=8-121,₹190,4.0 out of 5 stars,904
"Storite Canvas Sling Cross Body Travel Office Business Satchel Messenger One Side Shoulder Bag for Men & Women-(33cm x 6.5cm x 27cm, Brown with Brown Strap)  ",https://amazon.in/Storite-Canvas-Sling-Brown-Strap/dp/B099ZFN2QD/ref=sr_1_123?keywords=bags&qid=1669055431&qu=eyJxc2MiOiI4LjA0IiwicXNhIjoiOC4wNiIsInFzcCI6IjYuNzgifQ%3D%3D&sr=8-123,₹745,4.1 out of 5 stars,696
Northzone Outdoor Travel Anti Theft Laptop Backpack Mochila anti robo Outdoor Travel Daily School Custom Logo Schoolbag Business Men Bag  ,https://amazon.in/Northzone-Outdoor-Backpack-Schoolbag-Business/dp/B0BH8S9QGH/ref=sr_1_124?keywords=bags&qid=1669055431&qu=eyJxc2MiOiI4LjA0IiwicXNhIjoiOC4wNiIsInFzcCI6IjYuNzgifQ%3D%3D&sr=8-124,₹599,3.4 out of 5 stars,11
Zouk Women's Office Bag (multicolour)  ,https://amazon.in/Zouk-Womens-Office-Bag-multicolour/dp/B09L79TM6D/ref=sr_1_125?keywords=bags&qid=1669055431&qu=eyJxc2MiOiI4LjA0IiwicXNhIjoiOC4wNiIsInFzcCI6IjYuNzgifQ%3D%3D&sr=8-125,"₹1,699",4.2 out of 5 stars,58
Dybbuk Lightweight School Bags Backpacks for Boys Girls Stylish Men and Women Casual Travel Laptop Bag College Office  ,https://amazon.in/Dybbuk-Lightweight-Backpacks-Stylish-College/dp/B0BCGWRTHT/ref=sr_1_126?keywords=bags&qid=1669055431&qu=eyJxc2MiOiI4LjA0IiwicXNhIjoiOC4wNiIsInFzcCI6IjYuNzgifQ%3D%3D&sr=8-126,₹449,2.9 out of 5 stars,7
Skybags Riddle 2 Blue 45 Cms Casual Backpack  ,https://amazon.in/Skybags-Riddle-Blue-Casual-Backpack/dp/B08Z298H44/ref=sr_1_127?keywords=bags&qid=1669055431&qu=eyJxc2MiOiI4LjA0IiwicXNhIjoiOC4wNiIsInFzcCI6IjYuNzgifQ%3D%3D&sr=8-127,"₹1,059",4.4 out of 5 stars,23
"DARSH Makeup Bag, Polyester Waterproof Multifunctional Extra Large Cosmetic Bag for Women, Household Grooming Kit, Travel Cosmetic Bag Pouch, Makeup Organizer - Black (Large cosmatic Bag)  ",https://amazon.in/DARSH-Polyester-Waterproof-Multifunctional-Household/dp/B09RK37QD4/ref=sr_1_128?keywords=bags&qid=1669055431&qu=eyJxc2MiOiI4LjA0IiwicXNhIjoiOC4wNiIsInFzcCI6IjYuNzgifQ%3D%3D&sr=8-128,₹499,3.7 out of 5 stars,58
"HP Lightweight 200 15.6-inch Laptop Backpack with Padded Shoulder Straps, Green  ",https://amazon.in/HP-Lightweight-200-Green-Backpack/dp/B08CY1XYFL/ref=sr_1_129?keywords=bags&qid=1669055438&qu=eyJxc2MiOiI4LjA0IiwicXNhIjoiOC4wNiIsInFzcCI6IjYuNzgifQ%3D%3D&sr=8-129,"₹1,646",4.3 out of 5 stars,189
Aristocrat Zeal 20L Unisex Blue Laptop Bags  ,https://amazon.in/Aristocrat-Zeal-Unisex-Blue-Laptop/dp/B0B5YJ479V/ref=sr_1_130?keywords=bags&qid=1669055438&qu=eyJxc2MiOiI4LjA0IiwicXNhIjoiOC4wNiIsInFzcCI6IjYuNzgifQ%3D%3D&sr=8-130,₹784,3.8 out of 5 stars,12
"House of Quirk Hanging Travel Toiletry Bag, Waterproof Dopp Kit for Shaving Makeup Accessories, Men Cosmetic Organizer with Large Capacity, for Gym, Camping - Black  ",https://amazon.in/House-Quirk-Hanging-Toiletry-Organizer/dp/B072MH8KBB/ref=sr_1_131?keywords=bags&qid=1669055438&qu=eyJxc2MiOiI4LjA0IiwicXNhIjoiOC4wNiIsInFzcCI6IjYuNzgifQ%3D%3D&sr=8-131,₹399,4.0 out of 5 stars,"1,832"
"NIVIA String Bag (Sky Blue), Polyester  ",https://amazon.in/Nivia-5177SB-Polyester-String-Blue/dp/B071XMLFTL/ref=sr_1_132?keywords=bags&qid=1669055438&qu=eyJxc2MiOiI4LjA0IiwicXNhIjoiOC4wNiIsInFzcCI6IjYuNzgifQ%3D%3D&sr=8-132,₹193,4.1 out of 5 stars,418
Caprese Women's Tote bag  ,https://amazon.in/Caprese-Womens-Tote-bag-Birch/dp/B09FT31R1X/ref=sr_1_134?keywords=bags&qid=1669055438&qu=eyJxc2MiOiI4LjA0IiwicXNhIjoiOC4wNiIsInFzcCI6IjYuNzgifQ%3D%3D&sr=8-134,₹879,4.1 out of 5 stars,280
"Fur Jaden Travel Laptop Backpack, Business Backpacks with USB Charging Port, Water Resistant College School Computer Bag for Men & Women Fits Under 15.6 inch Laptop and Notebook  ",https://amazon.in/Backpack-Business-Backpacks-Charging-Resistant/dp/B094DGX84G/ref=sr_1_136?keywords=bags&qid=1669055438&qu=eyJxc2MiOiI4LjA0IiwicXNhIjoiOC4wNiIsInFzcCI6IjYuNzgifQ%3D%3D&sr=8-136,₹999,4.0 out of 5 stars,115
70L Travel Backpack Hiking Bag Adventure Camping Trekking Bag Rucksack -70L  ,https://amazon.in/Backpack-Adventure-Camping-Trekking-Rucksack/dp/B091SNKKB4/ref=sr_1_137?keywords=bags&qid=1669055438&qu=eyJxc2MiOiI4LjA0IiwicXNhIjoiOC4wNiIsInFzcCI6IjYuNzgifQ%3D%3D&sr=8-137,₹949,3.9 out of 5 stars,"1,232"
"Zipline Synthetic Leather Executive SMALL messenger bag Briefcase for upto 13"" Laptop/Tablet for men women with multiple compartments (1-Tan Bag)  ",https://amazon.in/Leatherette-Executive-messenger-multiple-compartments/dp/B099NM8621/ref=sr_1_138?keywords=bags&qid=1669055438&qu=eyJxc2MiOiI4LjA0IiwicXNhIjoiOC4wNiIsInFzcCI6IjYuNzgifQ%3D%3D&sr=8-138,₹938,3.9 out of 5 stars,293
"Arctic Hunter Mens Sling Bag,Mens Shoulder Bag,Crossbody Bag for Men,Chest Bag,Daypack,Include Shockproof Compartment for iPad,Suitable for College,Outdoor Travels and Business for Everyday Use  ",https://amazon.in/Shoulder-Crossbody-Shockproof-Compartment-k00063-Black/dp/B09HV9QYFB/ref=sr_1_139?keywords=bags&qid=1669055438&qu=eyJxc2MiOiI4LjA0IiwicXNhIjoiOC4wNiIsInFzcCI6IjYuNzgifQ%3D%3D&sr=8-139,"₹1,329",4.3 out of 5 stars,231
"Amazon Brand - Solimo Cricket Kit Bag, Blue  ",https://amazon.in/Amazon-Brand-Solimo-Cricket-Blue/dp/B08J8JX3N3/ref=sr_1_140?keywords=bags&qid=1669055438&qu=eyJxc2MiOiI4LjA0IiwicXNhIjoiOC4wNiIsInFzcCI6IjYuNzgifQ%3D%3D&sr=8-140,₹899,4.1 out of 5 stars,29
Tommy Hilfiger Joshua 15 inch 21 Ltrs Light Grey Laptop Backpack (TH/JOSHUALAP07)  ,https://amazon.in/Hilfiger-Joshua-Backpack-TH-JOSHUALAP01/dp/B07N8GRWTZ/ref=sr_1_141?keywords=bags&qid=1669055438&qu=eyJxc2MiOiI4LjA0IiwicXNhIjoiOC4wNiIsInFzcCI6IjYuNzgifQ%3D%3D&sr=8-141,"₹2,239",3.9 out of 5 stars,333
"Storite Pack of 2 Heavy Duty Canvas Grocery Shopping Bags for Vegetables Fruits/Milk Bag with Reinforced Handles (41x21x31 cm, Grey)  ",https://amazon.in/Storite-Shopping-Vegetables-Reinforced-42x32x21/dp/B08R9NHRRJ/ref=sr_1_142?keywords=bags&qid=1669055438&qu=eyJxc2MiOiI4LjA0IiwicXNhIjoiOC4wNiIsInFzcCI6IjYuNzgifQ%3D%3D&sr=8-142,₹549,4.3 out of 5 stars,"2,041"
"diksharth Travel Toiletry Bag Cosmetic Bag with Hook for Travel, Makeup Organizer, Cosmetic Pouch, Household Grooming Kit, Makeup Bag ( Multicolor )  ",https://amazon.in/diksharth-Toiletry-Organizer-Household-Multicolor/dp/B0BJQLVF2B/ref=sr_1_143?keywords=bags&qid=1669055438&qu=eyJxc2MiOiI4LjA0IiwicXNhIjoiOC4wNiIsInFzcCI6IjYuNzgifQ%3D%3D&sr=8-143,₹299,1.0 out of 5 stars,2
"NISUN Stylish Nylon Small 7 Zipper Multi Pocket Sling Cross Body Travel Office Business Messenger One Side Shoulder Bag With Adjustable Straps For Men Women (Black & Grey,21x27x10.5 cm)  ",https://amazon.in/NISUN-Zipper-Sling-Black-Grey/dp/B09BZNTFLX/ref=sr_1_144?keywords=bags&qid=1669055438&qu=eyJxc2MiOiI4LjA0IiwicXNhIjoiOC4wNiIsInFzcCI6IjYuNzgifQ%3D%3D&sr=8-144,₹599,4.0 out of 5 stars,253
